{"epoch": 1, "train_loss": 0.3558791495312405, "val_loss": 0.25271483018236646, "lr_0": 0.0005, "_timestamp": 1710089977.0357127, "_runtime": 157.47961473464966, "_step": 0, "_wandb": {"runtime": 157}}